﻿<parameters>
  <parameter name="IIS Web Application Name" defaultValue="Default Web Site/web_version2_deploy" tags="IisApp">
    <parameterEntry kind="ProviderPath" scope="IisApp" match="^C:\\Users\\Albasheq\\Documents\\Visual\ Studio\ 2010\\Projects\\WebApplication2\ -\ Copy1\\WebApplication2\\obj\\Debug\\Package\\PackageTmp$" />
    <parameterEntry kind="ProviderPath" scope="setAcl" match="^C:\\Users\\Albasheq\\Documents\\Visual\ Studio\ 2010\\Projects\\WebApplication2\ -\ Copy1\\WebApplication2\\obj\\Debug\\Package\\PackageTmp$" />
  </parameter>
  <parameter name="Add write permission to App_Data Folder" description="Add write permission to App_Data folder" defaultValue="{IIS Web Application Name}/App_Data" tags="Hidden">
    <parameterEntry kind="ProviderPath" scope="setAcl" match="^C:\\Users\\Albasheq\\Documents\\Visual\ Studio\ 2010\\Projects\\WebApplication2\ -\ Copy1\\WebApplication2\\obj\\Debug\\Package\\PackageTmp\\App_Data$" />
  </parameter>
  <parameter name="ApplicationServices-Web.config Connection String" description="ApplicationServices Connection String used in web.config by the application to access the database." defaultValue="data source=.\SQLEXPRESS;Integrated Security=SSPI;AttachDBFilename=|DataDirectory|\aspnetdb.mdf;User Instance=true" tags="SqlConnectionString">
    <parameterEntry kind="XmlFile" scope="obj\\Debug\\Package\\PackageTmp\\Web\.config$" match="/configuration/connectionStrings/add[@name='ApplicationServices']/@connectionString" />
  </parameter>
  <parameter name="DB_PROJECT1ConnectionString-Web.config Connection String" description="DB_PROJECT1ConnectionString Connection String used in web.config by the application to access the database." defaultValue="Data Source=.\SQLEXPRESS;AttachDbFilename=&quot;C:\Users\Albasheq\Documents\Visual Studio 2010\Projects\WebApplication1\WebApplication1\App_Data\DB_PROJECT1.mdf&quot;;Integrated Security=True;Connect Timeout=30;User Instance=True" tags="SqlConnectionString">
    <parameterEntry kind="XmlFile" scope="obj\\Debug\\Package\\PackageTmp\\Web\.config$" match="/configuration/connectionStrings/add[@name='DB_PROJECT1ConnectionString']/@connectionString" />
  </parameter>
  <parameter name="ConnectionString-Web.config Connection String" description="ConnectionString Connection String used in web.config by the application to access the database." defaultValue="Data Source=.\SQLEXPRESS;AttachDbFilename=|DataDirectory|\DB_PROJECT1.mdf;Integrated Security=True;User Instance=True" tags="SqlConnectionString">
    <parameterEntry kind="XmlFile" scope="obj\\Debug\\Package\\PackageTmp\\Web\.config$" match="/configuration/connectionStrings/add[@name='ConnectionString']/@connectionString" />
  </parameter>
</parameters>